SG_UF_PROVA,count,media_real
AC,16789,515.2423455834178
AL,60217,525.6425418071309
AM,53622,504.6566782290851
AP,19772,512.7286506170342
BA,267541,521.7362822894435
CE,188182,537.5801018163268
DF,54804,562.9030698489162
ES,53498,558.0954002018767
GO,106299,545.2509974694024
MA,131679,509.2843400997881
MG,298730,559.4255590667158
MS,36051,534.2302560261852
MT,44480,533.3524267086332
PA,174185,506.2607601113758
PB,93396,537.6563460961926
PE,177596,534.2566225590666
PI,80024,522.0487706188144
PR,128057,550.1354920074655
RJ,214021,553.595181781227
RN,77831,541.7050925723684
RO,27172,519.6161372000589
RR,7468,525.1948205677558
RS,116989,559.0224364683859
SC,70312,561.8745167254523
SE,52851,532.3266144443814
SP,498528,562.6193168287438
TO,22917,520.5554103940307
